Energy,Absorption
226.1444662,99.41176471
255.2804424,98.43137255
279.0063162,97.05882353
300.0495519,95.49019608
349.8320936,92.35294118
382.3456384,90
401.3366044,88.82352941
442.1952113,86.2745098
471.7199138,84.50980392
503.2159359,82.94117647
563.4782965,80
601.1008864,78.43137255
700.8321801,74.90196078
804.0131611,71.56862745
864.653503,70
900.2973357,69.01960784
1000,66.66666667
