Energy,Absorption
200.3338724,95.29411765
226.1444662,91.76470588
255.2804424,86.8627451
281.2696074,82.35294118
292.8644565,80
300.0495519,78.62745098
335.9818286,74.11764706
370.1869056,70
411.1829402,65.49019608
456.719046,61.96078431
523.9601353,57.45098039
572.657215,54.90196078
662.2967617,51.17647059
718.0262982,49.21568627
759.8043128,48.03921569
